business_id,count,min,max
-2R--HQiUyvN4qld52oL6g,24,2016-08-20,2019-07-21
-8AoSGOdZyDdTpT2oqX3zQ,25,2012-07-01,2019-09-25
-8F04F54iDT6VgWPCgybug,174,2017-08-11,2019-11-27
-8PU0Z4Q2Nc-sY0eBj4DiQ,61,2011-02-27,2019-12-07
-C0AlwLuXpcP609madJZQQ,3,2016-07-17,2019-12-01
-DXRTcIIFSDFaec9SozG3A,2,2016-12-01,2019-04-30
-FfmSy7kw1MOqVB8Xs_1VQ,4,2014-09-19,2017-12-29
-KqwcJ10CUzl-hEwgwGhUA,68,2010-11-11,2019-12-07
-QC71Wuh0TyJI0RAZ3d0Iw,46,2014-05-14,2019-12-08
-TVXOYL6kvKP1uW6ND9PIg,159,2010-12-18,2019-11-01
-aIDAzPJTUexM3Skp78wlQ,1,2016-02-10,2016-02-10
-fiUXzkxRfbHY9TKWwuptw,997,2011-04-20,2019-12-04
-iPc_YSSqvM1CpZxxeUTXw,731,2010-04-12,2019-11-22
-kTHAUKuzh7cFZjVAW55Ug,112,2013-03-06,2019-06-24
-mcuv5UOSmbzi-aQNsUI9A,34,2014-10-14,2019-12-04
-ouvCdkuZJgHixwyAhB8Nw,119,2010-09-03,2019-11-12
-s5zZEv5u9XWhx1i5E0_pA,1675,2013-04-20,2019-12-09
-syU1HD-Iw_GEH8P5l03_A,4,2014-01-25,2018-05-28
-wDNRL4lm1UgeFLG9KcrjQ,792,2010-05-27,2019-12-07
-wnEjwg4AFp9VXBqqCA_KQ,73,2016-01-23,2018-06-02
00J65e-ewht6GZ9fXZdP1w,22,2011-08-18,2018-04-06
02BXFKzu1rgaYulNGYvi6g,421,2010-12-04,2019-11-24
03fe5vYwHA9TxlJJ-7mDMw,50,2010-07-27,2019-11-06
08JPvTyVYt6I4PbGkQ76jQ,43,2012-11-14,2019-05-29
09H-DSNbIAsNmE-nCA4zaQ,5,2012-01-16,2018-09-28
0CElIQnJdQYF2bmsAiWczg,906,2016-05-11,2019-12-12
0DnQh8SE8BSnvJltGCCiWg,14,2017-08-21,2019-09-03
0H4XjlqQaW5I3MJw8eoWaQ,6,2011-09-29,2018-05-11
0Hc7Wgai2l9jzEmzpmV0EQ,7,2013-06-17,2017-10-07
0M3KCmdY-_xlIu5vEqVq4A,239,2016-08-12,2019-10-26
0PVxodALQu-soL5J8bjerQ,657,2010-02-28,2019-11-29
0PZjd1qdID11kyis2l3RkQ,17,2012-08-10,2018-12-04
0QjROMVW9ACKjhSEfHqNCQ,201,2010-03-16,2019-08-22
0XzfaagGzgapFUkYkY8SnQ,64,2015-12-20,2019-10-27
0Y5Kzo8PWHTjk0tlfAKcDQ,8,2015-08-13,2016-09-17
0ebavvJVXAzKKQ8C9cOt6g,80,2010-03-17,2019-10-06
0jy1V32K1F_7bM8mu3nK5w,31,2010-02-20,2018-12-15
0kKtYDKvvcQckR4vRmfh5Q,7,2013-01-03,2019-07-14
0nqQIM2PvOcTX6v0L537_Q,4,2018-07-08,2019-09-16
0ps5B5C6oNaRsGyUJzFCuw,24,2011-09-19,2019-10-10
0rMFhLzeq3Z2OaJ62MQXlw,21,2010-10-19,2019-08-14
0v7DIprUj2KASqg5PwqhUg,13,2012-06-30,2019-05-18
0vyh1UE4HH8ayZtXNxIfeQ,80,2010-05-22,2019-11-09
0y6alZmSLnPzmG5_kP5Quw,7,2017-03-24,2018-05-12
1CoYbtdckKh5S8eNSoanQQ,34,2011-06-21,2017-01-25
1JsD-_kMCC3jZOMzJIaigg,16,2015-03-19,2019-11-08
1QJFpZxLbHbXSKohWp9uIA,1216,2010-04-11,2019-12-10
1RE-r3jSXwDoH252u2or1g,10,2018-08-26,2019-11-30
1WtUgLhdBdQ39aBvEUbsnw,849,2011-01-03,2019-12-12
1ZPg-hC2AmByqYKMZlB3pg,9,2019-04-19,2019-10-30
1dAKYE4NOY9XqnDqgRRgIw,56,2011-04-02,2019-01-27
1i5jWQcjWtDWa7Rz5eJmWw,5,2018-05-26,2019-08-16
1pU0GJXTDPTJ2HfcuZt7dA,4,2017-10-18,2019-05-16
21aN-c-5CjugDRiSdjrH3g,65,2011-03-04,2019-11-09
28EaykhBFPDwJ5KFxAjQiQ,1,2018-02-05,2018-02-05
29ljJsh9029okll_6YZ3iw,4,2015-07-28,2017-11-18
29pDo7smnzdFr2XrcMKxGw,19,2014-07-23,2019-05-28
2At7JiIhtg4QYM0vmIXc4g,13,2016-05-16,2018-05-04
2IbXNp96PAZzjpzytN9vVg,486,2011-07-16,2019-11-23
2JU7FRlnYgdRauYyFzHSLA,456,2010-07-16,2019-12-01
2JUDgnmoLDxD97gqmand9Q,1180,2010-03-23,2019-11-07
2NpoKiship3R6lqexwbFVw,13,2011-05-28,2019-07-09
2P1Rvd4IboY8z7oRoT8b8g,1,2012-03-17,2012-03-17
2PBPh8LTwt_mXP0GUYa9NQ,12,2012-01-19,2017-12-07
2PCz_uVX7GOXtGHNXAPXhw,157,2017-01-18,2019-11-10
2PDCtdFPRaXdqKtVrx0aIg,18,2016-04-01,2019-10-26
2SedpQ674XBqyw3Wq4kyxQ,86,2011-07-15,2019-10-14
2Xbu_vMtwx9yvSlMKJB8yQ,77,2012-12-04,2019-08-26
2aWV8Rx4TwtB0x2pfIPNxA,265,2012-12-02,2019-12-08
2cMWPqJLjQ-ZvH2HvJvMsA,20,2011-10-23,2018-12-15
2nbibYLTR96Nr2nk-1spdw,30,2011-12-07,2018-10-23
2vuAlukfUZf3vbHsexEeDw,80,2010-08-23,2019-10-14
2z9SGvCiz5dtyWcr088ESw,1,2019-08-31,2019-08-31
2zkMnvtLRvnSeHqVb96ung,45,2016-06-25,2019-08-26
30PzafMyWvh5fYZ8yV_qBg,81,2011-05-24,2019-11-27
34FYKG4pHNXbM9ZRRiJaGw,16,2010-07-28,2019-10-20
37kk0IW6jL7ZlxZF6k2QBg,114,2012-06-02,2019-12-06
39lLJK_rrYY2NYomSsQdUA,17,2011-11-04,2019-08-10
3C0bnFhjkgYP9mWORKg6cA,237,2010-09-30,2019-11-09
3aTV63AWpUObtZhrFAp5nA,13,2019-04-24,2019-12-07
3bhNkdwzQp_pPf_6UJrETA,17,2015-04-28,2019-07-24
3dXx7CWqjYPX16WOlj1wEw,1,2019-05-17,2019-05-17
3eexaenBq8HvkTiYjVl3Pg,66,2017-04-01,2019-11-09
3gnQUW3pzKE32RenMfuf9A,332,2016-07-29,2019-12-08
3nzK3K-Dfo1L6mpB8FTKkw,385,2013-08-01,2019-12-10
3vs6rARRBm-O99y4bryilw,81,2010-06-10,2019-12-07
4-QlcyLqRc8To15oOHUjkg,22,2015-05-26,2019-10-03
401Ma310RUt_Vdl7DmCNYA,9,2015-10-25,2019-11-04
409qhf4RF0rlxcuaM576Qg,425,2013-07-12,2019-11-07
4AM81hwxAF9M6hAY1dGS1g,84,2010-05-10,2019-12-12
4GNI7HWuzQkkPmPsgHxOtw,708,2010-01-31,2019-12-11
4IhXhL1_bwBcBUW3Fot8xg,10,2013-09-08,2019-08-10
4N2RfdsZAfF-zCsdaVNdBg,18,2012-07-25,2018-03-25
4Nj2ktP2NjCbv2aKeH3ZBg,1259,2016-12-03,2019-12-11
4POPYEONJpkfhWOMx_PyGg,256,2010-08-08,2019-11-02
4SWx95nlvFKzI9uzpQ6wjQ,76,2010-09-17,2019-11-14
4V5qDGHJ-JOJL5Wowcbjzg,1082,2018-10-19,2019-12-12
4Vig7oCo9P-j2OnPUfaXCA,3,2011-05-02,2015-04-06
4WGhJKDcOccXhftoAwagJw,42,2012-08-24,2019-11-10
4cIUCLqLuV2Y1ZlKfjjTPA,18,2015-03-28,2019-07-12
4m_hApwQ054v3ue_OxFmGw,516,2012-11-02,2019-11-01
4s_cPDS_AkLP1fXMJPqB2w,1319,2014-03-01,2019-12-11
4uDOrAAIvcopxfmBKqN13A,8,2017-02-20,2019-01-12
57dbqYYLpyvTH5RRKkIWrg,94,2013-09-28,2019-06-26
589jp5XL9V5qd1d2mNQCHQ,16,2018-04-22,2019-09-15
5CJL_2-XwCGBmOav4mFdYg,2593,2010-02-13,2019-12-13
5CSCTpBZYl_uDN7ZjSp5yQ,3,2016-06-26,2018-06-12
5DDumAHRKumv3gZiPKW6iw,3441,2011-10-03,2019-12-11
5IRIBTFKc_vfiMnN667gbQ,6,2019-07-18,2019-11-22
5JW08_RL9K60Ubo8-8lyVg,45,2017-08-12,2019-12-02
5Jn3lC40nW-nnF3qUyndUg,54,2011-07-02,2019-04-26
5X7TQsA3iDbBc8yy2YkCnA,180,2012-10-13,2019-10-29
5eV8oUGdBXylwB7HeaDFOA,2881,2011-05-16,2019-12-10
5gl2GLgimBz1-Q-uXji_Rw,49,2012-12-04,2019-10-23
5llCyMtS_WyUVKXCtpdaJQ,1516,2010-09-13,2019-12-06
6-bPt4WNc5nB0C_SAV5Zgg,85,2011-02-19,2019-12-10
67ebdi7bAH6YDfnNHL8xYw,9,2015-03-18,2016-11-09
6AJEPExs2n_8QDZFDj9fkg,4,2018-06-26,2019-01-09
6SwdqYrQSASONmrgG4mBjA,280,2015-08-29,2019-12-03
6auJK39JkGdqRTYJh8yxVg,4,2012-03-25,2016-12-06
6e0Abng1LRexKI4LRJTX_A,288,2012-04-17,2019-12-05
6eWtqUKQ73s3xwbT-aYzig,130,2011-02-03,2019-09-29
6iqN2D0Dp_9_i-GD2l2s2Q,10,2012-01-25,2019-10-20
6nAr3xXYnZ_GzoY85Za6Jw,77,2011-02-05,2019-05-05
6nnI3DfHn-DTd6tWnZu7Jg,37,2011-09-20,2019-10-27
6pG7n8Rx_7ZXeQQk690Nsw,307,2010-04-20,2019-12-03
6pGzbQQwGdqKbXGdaTNy5A,93,2011-06-01,2019-11-11
6r2f7qd5NZBv1cLOzRVxKA,71,2010-09-23,2019-08-26
6r8YOdxoNYfkEfqxl-nO1A,38,2010-12-25,2019-07-22
6yE-QYVLXMZ2DuJmWecjlg,3,2019-09-27,2019-10-15
72Ptc5rl771CKsE0uZ2INQ,19,2018-10-02,2019-11-29
74ICBhUSyZ156CIym68MYg,72,2010-12-06,2019-05-13
7BJuAqFlmvTF-AijStel-A,2,2018-08-31,2019-04-17
7EZ4Eu7YJ1ltRCC5jXFJrQ,1064,2010-04-04,2019-12-08
7FA5S7LWBKJrQMV86ZUNuQ,6,2013-03-25,2018-03-26
7HbKKqXtZUjf6uVSHZ8wyw,339,2018-03-13,2019-12-08
7IZZ29OOvaX7T3YSL11m5Q,1,2013-11-11,2013-11-11
7LzhLKAwS7PHUvaPIW833A,14,2012-05-27,2018-07-12
7MTQYugLbY01UO4Kq8NpPw,31,2012-05-03,2019-10-19
7SsVK3dvgDrEaZpfxd33nQ,188,2010-05-08,2019-10-31
7YLvFqyFkIZkj5l6tnbqrw,108,2011-05-23,2019-07-29
7ZBh-3wWVQ5zkd6KZytW0g,162,2015-10-25,2019-11-09
7ZQf0Hi8QpOCd8JUhQ7vnA,15,2013-06-29,2019-09-26
7f_Z7-b4wwRZ2BPH9x-A3A,1,2019-07-18,2019-07-18
7j0kor_fkeYhyEpXh4OpnQ,66,2015-08-26,2019-11-24
7rO0ET3aQLT_NtFutyZC1w,4,2018-09-26,2019-07-19
7sb2FYLS2sejZKxRYF9mtg,5576,2013-07-17,2019-12-11
7xA6iSP0Ndn08tpBFQtUKA,259,2010-02-09,2019-12-06
84WYW7OfV-IXUJk95EL5_Q,310,2010-01-29,2019-12-07
8F-UdXe_YylX3k0L1SEiRg,1210,2010-03-06,2019-12-07
8F9C5vhDlYphBWELUgLkvQ,224,2010-07-04,2019-11-09
8HAsNLoSr3xi5rwQretp3w,32,2012-06-04,2019-10-09
8Hvp1tYKiQbBgGIwkCRK5g,94,2010-10-04,2019-12-02
8OeHn9KCbICuRBs_XiDDUA,1254,2010-02-07,2019-12-01
8VTzNZMiSRooRDXBUOzqGQ,28,2018-10-22,2019-11-19
8XVAcOZ02IGTQE-pvKhXXw,118,2016-02-27,2019-10-23
8k62wYhDVq1-652YbJi5eg,96,2010-10-20,2019-10-06
8k8cMmMcuj5h85mMLMoj2w,18,2019-01-17,2019-10-19
8nP8ghEpT6WFcM6tfqAaGA,2189,2010-01-21,2019-12-08
91sdZ0d-5RMXNcBYB3uU0g,150,2011-08-26,2019-11-29
922y7PvrE88aqhaErJek6A,3,2018-10-16,2019-09-11
93E1eOQ2bQG0OyIMqdcTvg,249,2010-08-04,2019-12-09
98hyK2QEUeI8v2y0AghfZA,13,2019-08-18,2019-11-17
995cDn3wIwi4pw4N_uLSqw,145,2013-05-11,2019-09-12
9AcRrJxdQDdV1wNQHkdPLA,4,2017-08-26,2019-11-09
9LE2yGl23qxitNc9mkpbjA,94,2011-09-16,2019-09-23
9O-L6F0cMfNmE5i07pN_xQ,318,2012-03-15,2019-11-23
9Pd-hdvW3cBosL43_Yu0qQ,1,2011-09-25,2011-09-25
9en49YH_NJmTOUqN2GO8LA,57,2010-06-16,2019-06-21
9j4nk2WOT6XCDRgX-lGzVA,5,2011-11-12,2015-09-20
9jJxXCuwku2l8arVGrBNTA,2,2015-11-20,2016-11-16
9sRGfSVEfLhN_km60YruTA,2,2019-03-24,2019-06-15
9tLvZheBcPTYTc5tmxcA7w,30,2011-05-20,2019-12-06
9v2vZnJa2TvvG3-Sx3F4GA,10,2012-04-22,2019-02-25
9v9cMGBpUm_IzTuPfXXEOw,259,2010-04-08,2019-11-09
9veE8VGnlmErycp0_ubVeg,8,2018-09-07,2019-10-23
ACb637NG7EnswRs8U_BX_w,1889,2012-10-19,2019-12-13
AIEyiX9-yfXQgvLOtBgFgA,24,2016-05-08,2019-11-25
AN0bWhisCf6LN9eHZ7DQ3w,147,2017-08-23,2019-12-06
AOhJfJVuEPUh_in7WHDnzQ,10,2011-07-19,2019-05-14
ASC3JV2Jh09lTyJZ98UMFA,332,2011-03-24,2019-12-07
ATeOjZzE3VOI-RW7FUFJpQ,184,2010-10-31,2019-11-30
AUes4OUyO4moaB6WPi88cA,119,2011-04-24,2019-08-24
AVsZE_gMkuBmRLRiqmPqJQ,3,2015-08-26,2015-11-10
AXYVhCaH2sR9jpUVJNKPRg,4,2013-02-28,2019-11-17
AYxhg8pCPpTayz6TYfNzFg,216,2011-12-03,2019-12-05
A_CXVdyJCE6nyxwbd6fNwg,622,2016-08-07,2019-12-09
A_YO9kvdEqd8vXGKc696yg,46,2012-06-03,2019-09-18
Ak6GaFRTGgA5ZhRydcKMxg,4,2019-01-05,2019-07-30
Arx42aGpdfI6XRH9lnKdaQ,77,2015-05-12,2019-11-22
AsgwKCJqyBqdiHdEBqeq3w,21,2012-01-22,2019-08-04
AtD6B83S4Mbmq0t7iDnUVA,3130,2012-05-25,2019-12-12
BCBLDV5sxvOebPRswPFFgA,23,2010-09-30,2019-09-26
BKixFkM5EVZUItxlO0Pn2Q,100,2012-05-07,2019-12-02
BMatyfQfXfsEhZC3yS1YhA,84,2016-12-01,2019-11-30
BR6__D6SzLEoKzdxOFB20A,13,2015-11-05,2018-12-12
BSFNuMEguSTVDgXDb-gR7Q,1,2018-07-03,2018-07-03
BVYvfJiVcQTl9B311z518w,121,2011-02-04,2019-08-24
B_hU-QEkt5G98pYGdfIrsg,92,2015-03-17,2019-10-02
Bim0OoetFyuKb9IWaiOcOw,22,2013-07-31,2019-09-22
Bq6rRlyp_KJ5LWjkVBxDTQ,3,2014-07-03,2016-12-09
BxIB1y-AqZSnFYxnzLrWBA,57,2010-07-08,2019-06-03
C-cvl8Mf2vpxHwUon3sVGg,588,2010-07-13,2019-10-09
C3gx8Qe3G8ZdUC6B4rdDmQ,385,2010-07-19,2019-12-01
CDfwYmSPggcqlHay1Xa-TQ,76,2010-03-08,2016-07-19
CMCAZVvZlP0ztWo6fhwnGg,262,2015-03-04,2019-11-21
COfzp0tze_F8N13zn40zzg,76,2016-02-05,2019-11-10
COnqdubhr87gCDJjPGwT6A,111,2015-12-08,2019-08-03
CU4LgHxH0EwXnPUmQsWFSQ,15,2016-01-08,2019-10-17
CbwyXSyieSM3kO7brRlyHg,28,2018-04-12,2019-11-10
CdpBVSkL2Pljj-yP0ihb_w,409,2010-04-05,2019-11-29
CfwrsG76Wm4iLS22v_wAcg,6,2010-12-07,2017-06-16
Cg3sK4ptre1uPPCzPWH1aw,127,2010-06-20,2019-10-16
Ch-gb1W9g1zZyuPXpSBq0g,4,2017-06-07,2018-06-09
CiNZmBtZRaRSXKjwun4R4A,16,2017-08-04,2019-10-02
ClXQewiuJytoFe7sW0G6gg,11,2019-03-30,2019-10-20
CnmhEiSGkIgUdFGN-rpaHw,51,2011-10-15,2019-11-30
Ct3EA87rf_liNzwzbmNUgw,2,2014-06-16,2017-05-21
Cy46zHlSVkCGZRpaHwlkVA,54,2015-11-12,2019-10-23
Cy8XYYDrZ5wd3Bq-toXMsg,1444,2015-07-24,2019-12-04
D1RoZ4cyP5G9kB2lwNmWJw,30,2011-01-19,2019-11-24
DEtOIjhV0MWZ8fD8-YZCww,113,2011-02-04,2019-10-19
DGPo_cIF9fHkfgYQkxhiMQ,17,2012-10-17,2019-09-10
DHCByHAmiaXanWzcjxJEDA,13,2010-01-21,2019-06-21
DUYO3j2zAjsQ94HYqbFsCA,5,2019-07-29,2019-11-08
DaTQLers4x_DbGPi7r_xVw,19,2012-10-14,2015-01-11
Db2jw-mBZhqIYHf_nskSDA,4,2015-09-19,2018-05-04
DdZo9MKaDrh9OJnpVwbBUA,425,2014-03-17,2019-11-21
Df-WyGEeKxRlJ33ta0eJHA,14,2016-12-19,2019-09-10
DfLeOD6pUGkeNaqlbib8tw,108,2019-02-21,2019-12-07
DhbtTQMTkkmCSt0nBTGCMw,18,2011-04-24,2019-10-16
DloBjCZHlz0lzsrQJq5PHQ,1,2019-05-02,2019-05-02
Ds0FrXWoJ1dWQBKo8uq2tA,86,2019-07-01,2019-12-07
DvelUmIuBmfbt95frynYsA,18,2016-03-08,2019-08-09
Dwau0pTROj2QsR_hz7JVoQ,26,2012-01-06,2018-01-11
E0OKctOhZpUQgwUUBc_RwA,865,2016-06-03,2019-12-12
E4T1Z08kU1QmrYj8xh-Y0Q,65,2011-11-09,2019-02-16
EJGv2la6CcZmEIpkE4hzyg,4,2014-11-01,2017-04-05
EMmCHg3Fgk9jZrHVB8OJXw,77,2011-05-16,2019-10-28
ERM603jbIbNqX2c7Ww1Qiw,142,2016-11-16,2019-12-13
ERnG-1q3igX3VSgm5uLZ6A,69,2011-08-23,2019-12-08
ETtEoO2MpU-UHUVVtAqkEw,30,2018-12-21,2019-11-18
EUKmcJ2nV6AvJPCxJyVeIw,10,2016-01-01,2016-10-13
EWj6tgNVl9x8Z7u9nnqdwQ,119,2014-06-19,2019-11-13
Ea1hr4y2PnrPc9_xZPWa6Q,36,2014-11-19,2019-01-01
EaPIQm6ULaHkB4hcrfFWwA,3,2018-10-25,2019-06-07
Egwnk84ioGxzx6BsJmWkrw,9,2019-04-30,2019-11-16
Ehq7wmTyxVdTJkv_MoRqmg,17,2012-05-28,2019-05-20
Eo4s6CmPpEcXCkfg9Zk_EA,5,2011-02-11,2014-08-27
Er5XAY2UFGGqBHdqpeCFkA,2721,2013-03-21,2019-12-10
ErxACeMyF4hSQyGhpEt4Tw,395,2010-10-02,2019-11-27
Eu-M3y8a5bIxIRXlCj9yHA,249,2012-05-25,2019-11-26
Ev9LVah-onyUsXPdrE7ckw,37,2012-12-07,2018-09-28
EwlA5wluJw5zzXxtA42brQ,18,2018-01-21,2019-12-06
ExHkmNrEBKlwXL2KEILfCw,37,2011-10-02,2019-10-24
EyH-E0wjbRZL6ju0-rSLOA,6,2014-04-26,2018-08-03
F4w3qLxGbZMdkHut_oGH_Q,3,2019-04-22,2019-07-25
F7mv0e3N2DgYY93cl8LpZw,42,2011-03-21,2018-12-10
FAhFnSJn9owENi61iI8jwQ,5,2019-05-31,2019-10-06
FEWTPBUv-QiugBe-2uXD4A,147,2014-07-29,2019-07-30
FEnAZBsWW9o1yhDRygQ_Sg,36,2012-10-27,2019-08-23
FHCNPBORRJ6gvNf3xBtnBA,243,2010-12-30,2019-09-26
FKtVtuM5vg1YN3Yn5yF1tA,6,2013-11-09,2018-08-31
FMHHJkhfGCNeBRPrS4wAdA,46,2017-12-02,2019-10-03
FUCHvOmoHC3YalwRwB97Yg,11,2012-09-18,2018-07-26
FUhJLCocwgZEiVn1Wg1KSg,38,2017-04-08,2019-09-16
FXuMp43qxKoOUk5kdky1kQ,26,2016-04-03,2019-11-23
Fd3b8Fp58hG21VGzBual2g,25,2011-12-13,2019-11-13
Fe7BcdqP3TdAFkEdZSD1DA,17,2012-10-21,2019-08-23
FfoI8uLgWNl0gYTsXC_gCQ,5,2018-01-19,2019-09-19
FiW6w5nmhlUoJAyNofb4jg,198,2017-10-31,2019-11-30
FmMeODTIPWj01pzNpHw9ow,7,2013-11-29,2019-08-03
Fnf5l6FeBTabNW2nTemDAA,18,2010-08-10,2017-03-05
FoZQW4WpXAEOOVZ9MepnZA,4,2014-09-03,2018-02-16
FsgF4JBv56pNpOT-2kAy8Q,2,2013-10-19,2015-01-24
FykLjv4tIq618q8F2pvTKg,1554,2011-05-12,2019-12-01
G-0VVUUoNUKT3GrnjZnsaA,203,2010-08-20,2019-10-12
G1lB2bUf1MT1FZT8TBy62g,196,2011-02-18,2019-04-06
G4JLnk8TkeAhZ71V4Pof8A,17,2017-07-15,2019-11-29
G5YM5jbCTAFE2IDGNRjYnQ,19,2018-01-01,2019-12-08
G79PyDm3hVivIX69Q2mXIQ,34,2019-04-12,2019-11-20
GD9mTnCht2bog2yb0gH9Bg,4,2016-02-03,2016-04-25
GFoJkebYoK2sigk3H8lUlg,348,2016-12-10,2019-12-13
GIzVp-IWJFF9Jpxy4dvLGw,11,2012-02-22,2018-05-28
GW2_gqOhKQ7sI4oem6yP9w,74,2010-10-05,2019-11-15
Gc8xWVpbUlBYHAoOT9MTyQ,262,2015-02-21,2019-09-28
GheMvm_dgcBTULpwzNuyBg,61,2010-12-17,2019-11-22
Gott37igwwDo1d_-s153gQ,4,2017-10-22,2018-11-25
GqH0U0E3Te5pUUjyiIzNBQ,6,2012-03-03,2015-12-29
GvCblda5MdYBqNFBUlHuyg,20,2010-11-12,2018-01-29
GzHhdq5fZbFLhbWRYMCDcw,8,2011-05-04,2019-11-07
HGtJeZ5ifqRwknvsBlB8fQ,240,2019-07-31,2019-12-13
Hb7mHNnGD0dyJs2hScihOA,15,2017-05-05,2019-05-11
HbWyDMi5BoUXq0SiUkHoXA,120,2010-01-22,2019-10-01
Hdr-Ti9jLxdOQAVkrCk8fA,26,2010-10-18,2018-01-17
Hgy5MrIKrwRJDXnwKaCpbA,397,2012-12-23,2019-12-11
Hn0HeGrW-kOzNGdFfgehQg,6,2013-05-03,2018-11-29
HtctU6CwYrKN3r2SL259EA,48,2014-05-30,2019-01-21
I6Xa5eF9Jv9VM6ms_dkY8A,397,2013-10-07,2019-12-12
IBNWrN1k9E0E_bMcRD-GwA,202,2014-07-11,2019-12-02
ID5wWJ9C7G0hfbQilvlfxA,1541,2013-04-23,2019-12-12
IEJFia0wQX7UezfXsenI5g,242,2015-10-15,2019-09-29
IOmlp-I18fB8t43DjQMDNg,56,2014-04-04,2019-09-07
IRkTGseCN83g_BwDjHXaAA,19,2012-10-20,2019-12-08
ITc7sL3YYxHoQYoPNNH_GA,34,2016-03-26,2019-12-07
IfUkm42SB9D0m_ZbkQ711A,149,2010-04-05,2019-10-10
IghwtXL8ZgK2dEL62Pzhrw,417,2013-08-18,2019-11-28
IiTLzksQAv9U8CW3s0bmlg,102,2015-07-28,2019-11-30
IjYGSm4_DjP6VULpP27o_g,7,2019-05-09,2019-10-21
IotFqwZTgTpFxO1ZtiZE-A,4,2012-02-18,2015-03-15
IpdC2F_36aKVWMySany3jA,7,2016-11-18,2019-07-31
Iq1P8S3--gqd50xoQJxpqA,150,2015-10-17,2019-12-05
J7fekWie4ZwR03AZVBisFw,493,2012-06-05,2019-12-09
JC1tcGar1T3jko1iX2fIHg,76,2018-10-26,2019-12-13
JGbQOdAAqxEKlyJy07omuw,54,2019-03-08,2019-12-08
JLMY9LH1K1X9GkCJqWCGmA,101,2017-06-23,2019-11-11
JOtv0NcBkvd9RO_D9cM3Qg,24,2016-01-24,2019-10-12
JQWIZ8MT-VGZzO5W5XCB5Q,197,2010-07-25,2019-11-26
JSeYH0LEYrHMujirtr9Z-A,8,2019-06-30,2019-12-10
JTXqPkssRG-3rlrh_uMcYQ,246,2016-07-30,2019-11-15
JZB9Zjex7mlJNu7lyJ08Qw,1,2015-04-23,2015-04-23
J_VOObYtNAsg8HQ5wViiPA,39,2010-11-10,2019-07-24
JexI9opGP2n_Xv6IKnN0Bg,27,2012-03-29,2019-08-05
Jr1_Pt8TQihTISYc5RbKtw,1,2019-08-31,2019-08-31
JrJ9xYFhrIx2z6CEfAjYQw,79,2010-07-21,2019-11-27
K2gKLEbzKOy6JJuNkHP4lw,4,2012-12-30,2016-04-10
K4rLi2Mqz931v07nMSih5w,25,2016-05-10,2019-11-10
K5Q2vkF5UpytV9Q1rB-5Yg,103,2018-01-26,2019-12-13
K86vnjM11Kkz8532qi0LqQ,59,2017-06-30,2019-12-07
KJ6DuC0Jve9hAtzM2SGNOQ,75,2010-07-07,2019-08-22
KUOa1acSFn6DkO9jp-sn6A,1633,2010-04-02,2019-12-10
KpK9IDybfThL_sR0zF5t4Q,13,2011-08-05,2019-01-04
Ktw2LiHK6Ipthw0ua3B16w,5,2016-04-02,2019-02-23
KyewcqD2l11QQcsQMmRiyw,1,2019-04-14,2019-04-14
Kz-7-oEnWa6_SsH3omi-yw,117,2010-09-23,2019-10-27
L16ly2UGc9j4qO3Id8Gx3A,728,2018-02-24,2019-12-13
LAoSegVNU4wx4GTA8reB6A,1,2018-05-24,2018-05-24
LGEIsxeJQATo9J1IA-TEdA,904,2010-08-30,2019-12-13
LRRhbtaohbXGMdaJ1yZjbQ,39,2018-12-09,2019-11-15
LU3G0WPftxwrPDi_jxj8-w,5,2017-10-22,2019-02-19
LoRef3ChgZKbxUio-sHgQg,10,2013-05-22,2017-05-20
LrYSnxLKarkzeNHqq50r-A,31,2011-06-12,2019-10-23
M8Pl5qAmmrODfHeX6GOjsw,459,2010-05-10,2019-11-25
M95OX2nED7rjPxOURJtOCg,267,2010-11-18,2019-07-30
MA3GszdFKeg_MrJltYrklg,85,2018-12-18,2019-12-12
MDOPwRx9FmfzkUqIxw4yLQ,82,2018-08-09,2019-12-05
MHQeEU0silLPdZPM28yXWA,9,2014-09-05,2017-06-18
MM572Htt9k_e96IKNyCEtA,231,2013-10-07,2019-11-20
MMOEaEcq-bsg_RYWHSC4_g,36,2015-03-24,2018-07-30
MNaPOkqm2vKeNG8EqkZWCg,637,2010-07-18,2019-12-11
MPD8oyot_RIS4ECrtKAhtw,45,2019-03-10,2019-12-12
MTneG8wJrUxIzIfnHe_P-A,1,2012-09-16,2012-09-16
MTx-Zdl_KcU_z9G832XAjg,320,2010-09-26,2019-11-17
M_v9BN9QHosc8kohmUj-cg,35,2011-06-25,2019-11-28
MejjNlwIlKkLv6Pya5OOWQ,7,2017-11-21,2019-11-20
Mf7HGXmUPDGPCEYApkfIqQ,25,2019-03-20,2019-11-25
Mj5dXTDd6AndK8b4UVTNbw,52,2011-05-20,2019-12-09
MlIS0BxTR9QyPotGZ4JVUA,16,2013-04-25,2019-11-04
MmW1-h6o79XhhO_qutIZ_Q,83,2017-09-08,2019-09-11
Mq6qiz-Bxgd8VE6tBwCuUg,50,2016-12-01,2019-10-29
N8jmyJCk-LjO9o1K9UjxNA,267,2010-01-23,2019-11-02
NA8aT86htT8qKjO7lSKvsQ,7,2016-01-06,2019-06-25
NAigH4SqnuuQip8lekq7GQ,211,2010-11-19,2019-09-21
NEVA0IYbawceL6kz5v5DAw,421,2010-01-17,2019-11-05
NFm869_w6cvVaWaNpAzjeA,2181,2010-06-25,2019-12-13
NIsnu3gTZ4AzGM9THoiDlQ,7,2018-03-18,2019-06-21
NJTjyJSOQwtGiCdBlcPGwg,46,2010-07-11,2019-11-28
NLaK58WvlNQdUunSIkt-jA,21,2017-08-06,2019-11-10
NmX56-YUbVvmNW0LPCYaYQ,3,2013-03-02,2017-04-09
NqjnmiySOZGf6GZ_O9jCjg,1,2014-09-28,2014-09-28
Ns20WGWn6s6niKAGIQB4UQ,5050,2011-10-04,2019-12-12
NtfAbj7MSj5IOhAsGM0-5w,955,2010-03-28,2019-12-08
Nx1fjVoriTpPf2-pO8At8A,46,2018-02-16,2019-11-11
Nxg73OigmRQQq0d1pKtkUQ,433,2010-02-06,2019-10-12
NyjKkq7uGFoGvgleNOlybA,1221,2010-04-03,2019-11-15
O0UhNI9KHdY1wOdhEtT2vg,155,2016-01-12,2019-11-19
O3PiNOj1vv5dCCywdw3_og,142,2013-10-19,2019-11-16
O6obMXRKCnLMygvm2fSp0w,599,2010-02-21,2019-11-23
O8Lo-36jwEgKOtBsOxfnuA,5,2018-01-19,2019-10-25
O9jnTvLYlTPm5NSOhrdLEQ,153,2014-07-10,2019-08-13
OD09pm-MzynigAvD5KoGPA,782,2011-07-23,2019-12-11
OGVHlFHSXjHuioOvm1wVqg,6,2010-11-13,2017-07-10
OQ9rVtBEFFI4jkdEo9AoRg,38,2010-03-13,2019-10-06
OWkS1FXNJbozn-qPg3LWxg,3,2016-07-29,2018-03-17
OmZ_Ub_0egPc6eDPD1OWSw,60,2011-05-11,2019-11-21
OtAVXleSatkQeZn9Twg4Aw,75,2015-06-15,2019-08-31
Oyez2_wkRaPn_DCmNICAmg,110,2012-03-27,2019-12-04
P0-oxpGOTqRYbXNUye0IFw,6,2011-02-18,2017-05-11
P1a2WApEoMb65s14RmqV2g,115,2016-01-10,2019-11-09
P6fzFH0yXmfzepXJTnRldQ,3,2015-10-14,2016-09-14
P7Vk5j_XzWl-9kS5qZd9aQ,3,2018-08-16,2019-07-30
P7r8DnVRIVfEhwl14x7zbg,155,2015-06-13,2019-10-10
P9ASoX1gV30Sw7_dWvrv5Q,18,2017-02-08,2019-01-17
PJ64Zdo0h2mQMmX7cpNJBA,230,2013-01-13,2019-09-29
PXJH9H6fJslcNYHnVTgFCQ,25,2011-02-27,2019-11-12
PfwYmVy7wh3upaKyH8LvrA,30,2014-03-07,2019-02-22
PgJLbJaCOqFXfh3OHsMPpA,11,2014-10-19,2018-08-26
PlP0c_u3g-3LiWHpb2XnOQ,407,2015-04-02,2019-12-09
PnVMicrAi6iYRO1_duaueQ,16,2011-01-15,2017-01-23
PrFfdw7WuGAnrkyAIzX65g,260,2010-08-24,2019-10-23
PwJO7Z7RL4hkBSCHsRRE7Q,20,2018-01-07,2019-10-04
Q8RfppYHQKo1O54N9Gz21A,165,2017-07-19,2019-12-04
QCCVxVRt1amqv0AaEWSKkg,819,2018-01-04,2019-12-11
QEHnipQSRUlshVQPOBghuw,23,2013-10-17,2019-01-17
QHRF1RvAmZIbnXWK_fCPcQ,16,2013-08-02,2018-08-04
QHmEacOnCyn7VaK1S5V4lQ,17,2010-12-14,2019-08-21
QIXz6e0SZ4okLBFBsO79_Q,345,2015-12-12,2019-11-20
QLYGUCpHBHfc6T6UC1LdmA,51,2014-11-08,2019-08-07
QUlgewKSpXGoPDVU03BUGg,89,2018-01-02,2019-12-10
Qf0mMQ4Q6ay7umkoqkHqdA,3,2019-05-01,2019-10-29
QfupDxYT-ULxXRO5Nz7eCg,60,2013-04-04,2019-11-24
QgdO29fGB-eBNe1BzHR7YQ,152,2011-07-20,2019-10-30
QlVtYfN3zfUXhsUmScc1xw,8,2019-08-04,2019-11-17
QoKn3zRpDrBj3hCPYGDCSA,273,2010-12-20,2019-11-16
Qqh2cFO1bk5TQ8mWIEjbCw,275,2015-12-23,2019-12-08
Qy_FDRtL-f-syUlEKpg_6A,4,2012-06-24,2018-10-18
R2ir667KUOdyhGJp9Q06dQ,4,2019-08-09,2019-12-08
R32Yh0XxxanldkIp11fuRg,24,2012-06-30,2019-03-29
R7eLlAdeIYsxux_Vm0l5sg,101,2010-08-14,2019-12-07
RBVtuVodydOMkNr-RVTVYA,222,2010-09-09,2019-12-04
RCX3zz86OvwqLCr6X290EQ,107,2010-07-26,2019-10-24
RE4qn28MEiDrM1PbdYVgxA,27,2017-05-13,2019-11-16
RIHydChuDTrfuuvr8TzH4g,15,2014-01-30,2019-07-28
RZv0iTHrFbw87sZg_45WHQ,42,2015-12-15,2019-10-25
Ra5fI9BEAuWWaLJSfkiCiQ,139,2011-04-09,2019-10-13
RdK6dhy4lOb2taNp-WrHjQ,131,2010-07-31,2019-10-17
Rf41BVuBNLsSWbCla28Tig,127,2013-07-04,2019-09-23
Rl_l6TWkBzr6Op7egdZ-YA,88,2015-12-24,2019-12-02
Rmiv34SGRqJDm_5Db29IrQ,69,2014-06-11,2019-06-09
Rt_M67qJU8x4QGhdYwnkAQ,145,2010-12-12,2018-09-15
Rtaca3VZIioxy6N006NKaQ,69,2010-11-30,2019-08-05
RvpSsArnUXRZgC4-I7AyTQ,197,2011-01-31,2019-10-04
S9KZksiBeXvTs7qZ235v9g,113,2010-09-19,2019-12-03
S9RoY_Smsh0a2JPo90bkdg,447,2015-01-17,2019-11-24
SCoH7sKTSwIhREUPBu7BkA,229,2010-10-30,2019-12-09
SI9yGUI5BooqOA7M_uQSdg,64,2011-03-18,2017-07-15
SIWwh4m6kkvUaa5skrVAQQ,658,2010-05-28,2019-12-06
SUaEbsKFSo33idJzQ9Dfjw,93,2011-05-27,2018-10-02
SVv0PeX-s_XMH1LxUrUL4w,5,2012-07-26,2014-08-27
SWDEdiv_v1QppobT1YnEPA,23,2011-03-27,2019-11-25
SXr6ByM7UmUQ55qtOUMijg,636,2010-01-19,2019-11-18
SXyGMj1rBHauU_MMLEsUfw,21,2014-12-08,2019-07-10
ShlkehLaKvDXHLDy4IoUhg,3,2019-02-25,2019-07-22
T0NKethAB-FFR05EeZCzuA,375,2010-08-15,2019-11-21
TA1Q7RWVzMigi5X3FAmctw,80,2011-11-10,2019-08-15
TD8v6ESJhPpSjtR47wHBLQ,12,2016-03-15,2019-11-21
TEXUVhF-G_v2Sxwqti8HQA,423,2010-07-22,2019-11-23
TKKX9bllRBMzp0NYr441PQ,89,2017-05-09,2019-12-09
TN4rJ96kZ99k_zSI2yuPbA,4,2010-04-24,2017-11-19
TNaqJk3Oa__aCLAGHpz7_Q,30,2018-08-09,2019-11-02
TO-rHjPHzj8AXs0NhSAtUg,5,2018-10-14,2019-11-14
TQqhfjlPVEz41K_wAogQSQ,168,2011-11-12,2019-10-19
TSReAmFxNVCZggcx49Gf3A,212,2010-07-18,2019-05-17
TTCZkfxt0GW8YUzdVe0PrA,40,2018-12-29,2019-12-11
Ta5kpjrbXBiYCEGrW83-Pg,12,2016-02-14,2019-06-05
TlFowSzpX0k-urEBJlT8UA,231,2010-05-19,2019-12-07
Tn-nW7cqMqtocJWMXddIAw,17,2013-05-28,2019-08-31
TpmjeTolTWODwKd434Z8EA,40,2011-02-27,2019-08-17
TspQ9jCczz436RiJHJQYZw,874,2012-08-29,2019-12-09
TtuW_nIHFYkhiZOx4Ot7aA,25,2012-03-03,2018-11-11
TxPeMyov3r5S5Ck1UTpmhw,20,2018-12-19,2019-09-21
U36zxEX-ogh89BIWwLKjSA,2,2018-08-01,2019-03-16
U7JrKn4fYW2RpJa7Nl-X_g,6,2015-08-05,2019-01-25
UAE4XWXwlALJsq8yycmW5w,1162,2010-06-30,2019-11-30
UITPqkoDytnHT4kxaAyDeA,23,2011-07-31,2019-07-01
UJ38-6J_f87r9-PE0miKsQ,30,2015-05-18,2019-08-04
ULAz5fw2r3vm0N-_FTMzGg,126,2016-06-17,2019-10-26
UOzbBhPdUCl4wy56QKjDdw,34,2011-04-04,2018-12-10
UPmrHkx4YmNo_QRniekP8g,200,2010-04-20,2019-10-12
UT6L3b7Zll_nvRidijiDSA,2194,2013-07-05,2019-12-09
UT9KnZ288uwsz4pxzUVzIQ,972,2010-08-04,2019-12-02
UXfewx0UfJrQypFDlwAKYg,66,2017-01-22,2019-11-21
UZ34XAw1GJ3chCOuKL69Mg,321,2012-03-05,2019-11-15
UZxarPMgITtNznPdkuIdSg,2,2018-09-02,2018-10-04
Ucsy6LjBYsfVwuGlSlfJog,128,2018-03-17,2019-11-24
UgWVMUWFrr6bt3NSfuKrGQ,69,2010-12-28,2019-02-05
UhgNf97gZW2gbMtVodBh9g,2,2019-11-17,2019-12-09
Uj77Cm-azkhW-F-vMIBbfg,29,2016-05-05,2019-10-12
UkBy7Epd2q6YXZhYas8iEA,3,2018-05-29,2019-07-29
UkocLwA8OtjQl79vES-aRQ,4,2011-12-01,2017-03-21
Um2H2xUT0eamjN6ivIUAiA,71,2010-07-17,2019-09-27
V2Uvh2cUl3vufW9ChM_jkw,124,2010-10-17,2019-07-01
VBVqHnViRLSYAqP7v8iNNQ,543,2014-11-08,2019-12-10
VCkKTkLWh9dY5vSdNPZDqw,14,2014-02-04,2019-06-15
VCncaRjqC6ZqUG7jAnODJQ,74,2015-02-01,2019-11-23
VE4tTR8bZLju8KvXBwx98Q,15,2019-09-29,2019-12-07
VH2BjFjc9usDquDgoHhptA,1131,2015-01-27,2019-12-12
VQAmVxvPROLhSoeDc8C5gQ,6,2014-07-03,2018-02-01
VR7vnIP0rg1teDUVp6L0qA,13,2016-09-11,2019-09-27
VRCkQ0hpl7m2yJ0IJAUrkA,7,2012-01-14,2018-08-04
VRiol0eeDqe8_EeUytECqw,26,2017-10-28,2019-11-24
VSbLyFGbq7KUYSpyNxFnew,4,2019-02-17,2019-10-18
VUADGMPLJoWqhHb1G4LIcA,29,2015-04-12,2019-08-16
VZh2OeHm_Or5BMsROKJP6w,2,2017-06-28,2017-07-01
V_jIfMz9Z7a5mthleRq0_w,147,2011-12-06,2019-06-05
VbnCVDde6wpaUMDVjllHwA,1,2018-11-01,2018-11-01
Vd9XJZ6A9PXS8S8hDPByHQ,116,2011-03-12,2019-11-20
Vi3q6hjfkpYwA2n7c6CdPA,107,2011-02-17,2019-11-27
VlMRR74NjdysPIfaUUSoBA,516,2013-01-12,2019-12-12
Vrx9GRXkG3u95E07QBwj-Q,17,2018-01-25,2019-10-08
Vu8Z-zbNT_InsKm4IrdeCg,235,2014-07-14,2019-09-03
VuCrxI61nT30OndMcrPgkA,2111,2013-12-19,2019-12-11
VzduMAuLg98hE-QMQVLp6Q,8,2015-09-30,2019-07-31
W7hCuNdn2gzehta6eSHzgQ,150,2010-03-22,2019-09-21
WBlYp-nmLiBLp7VjP1FJFg,97,2013-08-10,2019-06-16
WBxR9IC6E9-4szNzq7_Y3Q,228,2010-04-07,2019-12-10
WElec_bplWbp2aRcY-VJZA,34,2018-10-29,2019-12-04
WOiTUlxOsACXdzbrvOntrQ,341,2018-03-28,2019-12-11
WSweXpahyMa3toResuQ6-w,85,2010-08-29,2019-11-30
WUmosjOxt_8nWByHgm8Kkg,797,2010-02-04,2019-11-07
WXd7r6Yvjxhyo1L6R3lQMA,393,2010-05-11,2019-10-25
W_2SaN0xzmH0WjScED4a4Q,103,2010-09-29,2019-08-06
Wsb_rH2xNmMOdmzyb7eB7w,199,2010-03-22,2019-11-26
Wxt77slJbuwQ3LDbfrBkzQ,14,2012-11-29,2017-09-30
X2f2s37_cFKo4xpzGFqk1w,461,2010-08-21,2019-12-06
X4hxjDQ8_1VEyRvF0ysLkw,3,2019-12-05,2019-12-08
X6Cgn59q3i3vK-lqzVY6gQ,25,2010-03-04,2015-12-20
X8mtoSxY8whtmbDlj0D3Aw,15,2010-08-26,2017-04-02
XJ2dT7pwmutxM4ceQnTVUg,509,2011-03-14,2019-12-08
XOwM9qo0A1ion_jI8CQ9Ng,38,2019-02-09,2019-11-23
XSY26vVt9qvLh3SAECPzkg,225,2010-07-15,2019-12-04
XXxscMkHPEdsZtzjesk5zg,52,2010-02-21,2019-10-13
XbLwKIZTYIpR4ybtJeM7BA,3,2016-02-21,2017-03-17
Xl7aYjrgsf3SGncOr3eryA,17,2010-04-26,2019-03-14
XlqnI6vcZUJ2tRFwjYKzcg,75,2017-03-17,2019-11-22
Xu3y7gnAdOOMrDreVktA6w,36,2017-07-15,2019-09-06
XxX2LZ2o9p9Wlq7noOcfNg,381,2013-11-02,2019-12-09
XyaOCULIHZjssQoM-FJLpA,63,2010-06-21,2019-07-27
Y1Yprra4ZSyAIMW9Zm75dA,211,2010-01-24,2019-11-02
Y28XY3fko-Sdb9RBBgCDRQ,156,2010-06-10,2019-06-29
YEl2auKIbh2W9dUtFft-qA,3,2013-03-10,2014-05-24
YJ2Y_asLIlbo-uijVugLow,39,2015-06-19,2019-08-21
YJTUX6Ekhme7bQUDG86ZYg,64,2011-01-02,2019-05-28
YOD9dXrnpu8HTRILpF0onw,653,2014-03-20,2019-12-08
YQ1-0XXDpXtf_guBb5s9Qg,3,2016-08-04,2018-07-16
YXvXE2p6xeg6a11SMIjQ3w,388,2015-08-16,2019-12-01
YZYqpZFBgQN-ruQ-hAj3Jw,7,2017-02-08,2018-11-13
YmX3UDKy4CeFQ7guNlrw4w,157,2010-06-25,2019-11-09
Yq0LCrGLjJtKcwBu1Nta6w,95,2012-08-07,2019-12-07
Yr_w9lakJrKMyEG_hI6zbA,105,2011-04-05,2019-08-10
Yt5gK4E9NqVa14WNiQdBlQ,49,2015-10-22,2019-11-23
Yy_SB9r7VQTlIVv_MeOmaA,17,2012-07-05,2019-07-31
Z2xuK4BbrD0Qr9dAs7oTVw,40,2011-11-12,2017-12-10
Z4UQlerXfBH8jv6XcFLeEA,97,2018-03-13,2019-12-07
Z54cYVtBf1ojSRsgBg-GHg,28,2010-12-01,2017-07-02
Z5OoLZ_gKDHZGKs6gtR28w,102,2011-03-03,2019-07-11
Z7r_FJXEyfyvVsyv2y7gFQ,56,2010-09-27,2019-08-17
Z9Mt7ngZI2fhZalhIvfBXA,18,2019-08-25,2019-11-26
ZDx7kt4aOPTlmYTqXDrTGA,8,2016-04-27,2018-09-11
ZMcbVIEXsLO7j1Q1GXKPSw,141,2010-07-22,2019-08-14
ZU4sZ0_PB918bK9h6z9l0w,420,2011-06-19,2019-12-01
ZYbQgWImBuf6QzlV1t5NKw,36,2012-01-21,2018-10-14
ZYr2feXiGYTbWyho_1oUiw,379,2016-01-15,2019-12-08
Zd1Z8Q8uKdmQyjPEzSjS7Q,254,2011-02-05,2019-11-28
ZdNzBuETLeoiNFOCqtQTwQ,16,2019-09-26,2019-12-12
ZfCzpZNYSWeA3Ouku2eqlA,2,2012-06-16,2016-05-25
ZjKpGYdQCQPxzkYWAsV56w,916,2017-09-07,2019-12-10
ZkzutF0P_u0C0yTulwaHkA,10,2017-02-06,2019-05-15
Zl6csaZ5HBka3SKBphHXrQ,92,2011-01-22,2019-09-30
Zlhu0H9CIEUbNOGaZMK6cQ,1,2014-12-23,2014-12-23
Zp2vJfHciG9IiXfmtH5Wdw,39,2015-03-29,2019-03-01
ZpPOiNYi4AHNneI7uco7GQ,81,2010-05-12,2019-04-10
Zpydi0JmOp3XXL5hDGALXg,86,2013-01-01,2019-07-13
ZsKWULhwwB61RHzCrb1i9A,129,2010-06-18,2016-05-16
_4I5uT_5UjP5uV3c0zr4Fw,17,2019-03-23,2019-10-19
_8I19IRzDXmMSRES9cEGlw,31,2010-09-29,2017-08-26
_DK6eNVcxA9IYzOLY842Kg,6,2016-05-17,2019-01-11
_HIZcnYBWdj5rGyCMe9xpw,12,2015-05-18,2018-02-02
_Kp1IPTi17wBywYOd30raA,24,2010-12-28,2018-12-30
_OoO2KjBQCZxS5A9ueAOLg,2,2013-10-27,2016-03-21
_PKXarw3GjlbwbXhjdpUMA,17,2014-05-09,2018-09-28
_V4CzzA7Z9h4qyLIdG-KUg,18,2012-03-07,2019-01-25
_WljFCI2uJf0p7lAKKcpcQ,15,2010-07-03,2017-05-05
_WvEXsx2eZ53lTWHlIx9kg,2336,2012-06-04,2019-12-13
_o2fJBcVgLpy-L970Y7qYQ,21,2010-09-09,2019-07-03
a1KXovXPdeDurOrER4ST6A,1536,2010-03-13,2019-12-07
a3ZqjElMgAe924sbXZVcvA,39,2012-02-28,2019-12-04
a7i-o5jRWgibGFEboEMYPQ,6,2016-09-27,2019-07-26
a8uuOGWdjVWRCIXoQGVkIA,4,2017-10-29,2019-08-26
a93TpkEV5oyEuyiI0CqAGw,38,2012-12-31,2018-07-04
a9KwOmnTDB0tG720lOUn6w,105,2015-06-23,2019-12-10
aCuCMYeoF7rB0U7Vee7lgw,63,2011-09-03,2019-07-27
aEtbXqbkf2BnwEVWQ2yjUw,424,2018-03-08,2019-12-12
aFUfpt-zcDH6qbTS3nVLog,3,2018-06-15,2019-06-17
aRqxT28Tdz2aDiZ7Vkyejw,313,2012-07-13,2019-10-04
aSn4fgpq-3FDfvVG2bjv3A,76,2011-07-28,2019-11-19
aYyj9OdH059CoEXadmldXA,1408,2016-09-27,2019-12-11
a_E-rLe2zcyX-X4FKhWWRg,32,2011-02-27,2019-08-11
agYLB665pM7rYjHveAlK8Q,31,2019-03-27,2019-12-10
aywCwIczds0RosdzqokZ8g,16,2011-02-13,2019-05-19
b1m_PK-ggGR3CmBjdIyqkQ,321,2010-08-29,2019-11-29
bFLEbPKUXmeQcBciGdHjww,44,2016-06-03,2019-10-24
bFaFb7wu7swOp5qD8lNMog,1154,2017-08-21,2019-12-12
bH7XKWeGeNL5UrBaTtvrtQ,75,2019-04-23,2019-12-03
bHB-cDviPZcFKb5m9CAyEA,30,2011-11-05,2019-06-22
bVE26iEtkEsAWZHMVyAPeQ,112,2010-09-04,2019-06-23
bV_xC1dzOhN_y4YEd4h02g,401,2010-06-12,2019-10-17
bcCBj67idzZMrjqbsyjEyQ,171,2017-07-15,2019-11-30
bjqwzEr9fU1keOcJFOZqWA,79,2010-10-03,2019-02-17
bsjBLLHR4TMVR5eAeLAI9w,405,2010-08-08,2019-11-03
bupMXFUaZfranBLdaVcRww,388,2011-10-02,2019-12-11
bwmO8teAlvjmuIDxhPb44g,56,2018-07-12,2019-11-24
c1JoHp602zilpDU_57DsMg,548,2012-06-03,2019-12-13
c5TOGBUCCUUNBPM7h_KbmQ,1177,2010-06-25,2019-11-28
c7JoAt6a3Ufkpn3TrGU23A,29,2010-12-11,2019-12-10
cPNolx5Ae2znDZNA7GG5BQ,2,2015-05-06,2018-10-29
cPZ5ugSrVrqnqD5ZsJhnpA,16,2013-10-29,2019-09-04
c_1reK52b5zSfp4KDB9L_Q,20,2011-08-24,2019-09-10
ccTA3iIHza7I4fUgVvbIeA,13,2012-10-15,2019-06-18
chwG4PHe_wwyLIGIaGEH1A,1,2019-07-29,2019-07-29
cicPsia8Wj-DNRkmLbD_xg,238,2010-03-24,2019-10-27
cj_9eTPR0JBqk9qt2VmzFw,254,2010-01-26,2019-12-02
crBw_Hq3gCkppirgjnIl4A,39,2012-02-12,2019-10-19
crOZthKtsABnH_nvy0w6YA,34,2015-12-21,2019-12-06
csolOpend_4LDv5rNTVuoA,8,2016-12-23,2019-10-03
cxwQIfMljUhk1yMG8PQLXg,102,2012-08-18,2019-11-29
d-PQrWHCEbv_lH-UMD874Q,87,2012-02-10,2019-07-10
d6vdk0zAYW3Y_9QuZr0-IQ,56,2010-09-26,2019-06-16
dF11zSNDXbq6DBchUvqgZQ,716,2011-07-14,2019-12-07
dHmLezNmX-VW8_Hfryv5tA,18,2013-05-10,2019-06-30
dPmWz-O9fF1FjQDEEX2JBg,5,2012-05-20,2017-03-05
dQPCIQuQTKIMVojtXDpEpg,8,2012-04-23,2017-04-10
dWapY1yn-vG_ECu67AIEKg,5,2015-12-12,2018-10-12
d_q4avZYM1sOlQP7noJKVg,421,2015-09-01,2019-10-10
dbMaHYwlEzLXRuaGc0jXrA,18,2014-11-11,2016-07-06
dfqLhdQY9e6EiXMk9t-8WQ,2,2019-10-17,2019-11-16
dgV3b_HRCGcrR1-OzkwHNA,4,2012-10-22,2018-12-01
du9_QFb75sxzKnLLQwSkMw,728,2010-04-09,2019-10-31
e13SEvJud_vgeDR_doL4sQ,3708,2010-02-18,2019-12-13
e1ZqkqjLsUCo4vIBLzaTDA,81,2017-06-09,2019-11-23
e1tqT4QNOUqDiOvmaIcxfQ,66,2014-01-15,2019-11-19
e3PBfbtXUjMziX6XGsOMoA,14985,2017-08-24,2019-12-13
eBEfgOPG7pvFhb2wcG9I7w,1,2019-01-04,2019-01-04
eKbN4KVQYgGt3flbYqfXzw,37,2016-06-24,2019-11-02
eOZiSu4_EuGf3Tha_lmUwQ,131,2014-12-31,2019-12-06
eQIGwtiTeVpbdb8XymrPVQ,12,2011-11-20,2019-09-23
eRZuxjnaMviiVyvhejwTBQ,25,2015-03-15,2019-09-15
eWVgtAQ3Z-bFRBat8nICLg,103,2013-08-25,2019-11-10
eYJcI9cI6-kJ2NQpYdHcLw,2108,2014-09-16,2019-12-13
eYKQ0WTUDU5G9Hez5Ze5Aw,291,2015-07-18,2019-12-07
eZG3ldsHielH2FZDqEFuEg,14,2015-07-11,2019-11-19
eb31LLI9QhMbtjBlkyx7VA,247,2010-04-22,2019-09-04
efgSk376dNCrhgd7zAt3jA,33,2017-05-01,2019-10-04
eiPJDtONYlnw59sZFmm4Dw,7,2015-07-08,2018-12-29
eiTWTVThkHr-DKXxIysbgA,706,2016-07-07,2019-12-01
f1L-fI_wM5aH7_YG7WcUaA,120,2011-09-28,2019-11-09
fFxxsUakG4WpPa5OY6xU6w,526,2010-11-10,2019-11-20
fJtjIiT8nW3rnC1GMVA68g,67,2018-06-22,2019-12-05
fXzMs__3HjTYwKPMAb4jYA,161,2015-07-21,2019-12-10
fYLCKglfKHjgzcOeo4ZDaw,787,2010-02-24,2019-12-11
fiLJZiFhiAXLJ9qnNfFObA,7,2018-03-16,2019-06-05
fnX5U5FsCqRsL6Aw5M5RCg,11,2012-01-27,2016-09-03
g2Y2lnMmnOouvivEie9myw,61,2010-11-10,2019-08-22
gBy6UXTpoSHhW6qd15XU0g,1087,2010-07-25,2019-12-12
gEtxu18cfOw-SMPNzax4-w,7,2011-07-06,2016-07-19
gTn_YaXUYEC5py8ESrX5Wg,49,2011-09-29,2019-04-20
gUAmU6yJSstYexGvhRdZ-A,42,2017-12-09,2019-10-26
gbDZhohLAOL1ufdVWHMTxQ,13,2010-10-17,2017-11-14
gc2XZigymAwwNkjihdkO5w,9,2018-12-01,2019-11-17
geQG2a9uO6Q9hXVx937Kbw,153,2015-06-25,2019-10-28
gfhWUixZ4MmEAC1DtTsodA,145,2010-09-10,2019-10-09
goMccfETQlUOb9_USl4BUg,106,2018-04-14,2019-11-27
goar7zF4G0LdsQ1Y4KS3Iw,113,2010-09-16,2019-10-25
grZ6FnfZoj1pQWElAQve3g,43,2011-04-04,2019-11-09
gwd1W_0Mgzqo3QxgXrt16Q,819,2014-11-04,2019-12-06
h-1cbSCEMQlf3ampVX6pLw,261,2010-08-07,2019-11-23
h-psPOmlY0mCOflb3S3rdQ,260,2012-10-10,2019-10-25
h5bY-5i3l6uPRqqYOxUMKg,33,2015-12-27,2019-09-03
h8MMgum-XUQhU4xWCyQWLQ,95,2016-09-06,2019-11-16
hY77DYw8mh1WT9yypK4qyA,187,2010-03-26,2019-10-13
hZylgZxdcOtbI3puwbJZ-A,44,2018-04-01,2019-11-30
hcpR0pmlmhxxkwjGZlILAw,13,2012-04-14,2019-04-17
heka2ccBTq9dlMJR3xI38A,11,2018-03-09,2019-11-09
hgCpzHx5IGvLRzMdFGWl6w,85,2010-11-04,2019-11-17
hpqC9SExjPv8wkveH0lTRQ,2,2014-05-03,2014-10-18
hsbtcqamJjmL6ASCAWnQVw,113,2017-02-08,2019-12-07
hwqZ7now4LTNztCKlKmRmw,3,2012-08-05,2016-05-21
i4ZLquZaqB7dCu4P6gHGDQ,8,2015-06-28,2018-11-12
i8Qa0fu53bC1IMfdBPuQVg,4,2014-10-25,2018-01-06
i8ijGG8LXmFOWTz-Haej7w,195,2012-01-28,2019-11-22
iA9xu-6oOFynZQxO5qrauQ,55,2010-09-14,2013-12-11
iBhTjNsOzKZuSEWgTT013w,47,2017-12-18,2019-12-07
iBt37-7t5GP2ZRT81yHgew,27,2010-02-28,2019-05-31
iCGGpIeD09JxG4K8cKYjDA,31,2011-07-26,2019-07-18
iDHWqYdaTd5cHjppBdg5Rw,26,2011-03-14,2019-08-05
iDSHlWunyWMS02P8kGyHJQ,3,2019-02-24,2019-04-30
iEPNSFhueOTZeubaLGshqw,5,2015-10-04,2017-08-13
iFQs_aqKm3ZpT_1ITgr7JA,2,2017-06-19,2017-06-19
iFlr0eG_qH-cgXFhji7gbQ,606,2010-07-22,2019-12-03
iHoJViTxMmIpoMlx3lqtxg,7,2011-04-17,2017-10-23
iMW1yiWfUnDUo1ZFnJQh2w,48,2012-03-03,2019-09-20
iTmSF9AvNFN_27aBYu4EKg,71,2013-01-31,2019-11-22
iUQ5hZGhwrg-WPICcbo4IA,317,2016-08-22,2019-12-09
iYT30UPGmLdmTRaAKz0Vvw,328,2016-12-14,2019-12-09
i_0rSAui4zaz4ydVaOZ6bQ,12,2011-02-23,2019-09-30
ia1Q47ANt6OZDMpQPzkqJQ,22,2012-04-07,2019-05-09
iecSIYDAYs-9zmdJFh12OQ,26,2012-12-20,2019-07-31
iiOpaR1Am7svS0SF_eBoOQ,89,2010-08-25,2019-03-22
ijNQXC2cBhbkf6iB6D8OJw,47,2010-10-29,2019-11-23
ikFC6OCWC6dUGocTU8kyBQ,8,2018-04-29,2019-07-04
iml9AGorGGEJ4oDOoNIfJA,12,2019-03-15,2019-10-27
inkczVh91Kt4MdwAfKeFWw,280,2010-11-05,2019-04-27
ipM9uibOguP7Jgfpo5d9Gg,11,2011-02-20,2019-06-14
iqDsX4ANZfKQpVSsmZsyqg,4,2013-08-16,2015-01-02
izOvku5li7kyzY76UzLP2g,7,2010-10-06,2013-01-12
j1QfFrTE22PAak7rzD8OoQ,159,2010-09-10,2019-11-06
j7EgXr8nAt19Q6iDwOHvyg,13,2019-01-02,2019-12-10
j8j0IV_eemJpFuRRvdNobQ,60,2014-02-26,2019-11-17
j9bWpCRwpDVfwVT_V85qeA,110,2010-11-20,2019-02-04
jAQwIRxZNj2zndM5V9UOpw,30,2010-07-20,2018-11-17
jCpB1D_Hsc_dlF0ErNO-7w,99,2014-03-05,2019-10-13
jLaDqb2qmR9B3ANsM77odQ,6,2013-07-28,2019-06-19
jOK32IHM9YGF0znR2LY_bg,5,2016-02-07,2019-07-05
jVJcR4y8q7FuwlK0cYVuyw,102,2012-10-27,2019-09-01
j_BZ2A5XEQSd-k7yH-S_Pw,13,2017-07-29,2019-12-12
jk-eI5_D63zK-WGeWqsOHg,2,2019-12-11,2019-12-13
jlviy68buL1X2UADI-Lnlw,17,2016-02-23,2019-08-07
jsGQXcPfsE1ZHAO4wTUMxQ,20,2011-04-20,2019-07-30
jsGXGJcJWw0ZYCuaYLeFKQ,1,2019-11-26,2019-11-26
jvSgUe3g6LrNQGucBLBvCw,32,2017-06-11,2019-11-20
k9PfKE7KfztoMpOSx25UpA,26,2018-07-15,2019-08-12
kE8hSuvO6eKtbRA1k541Jg,367,2013-04-04,2019-12-05
kG0N5urz2lkPEBDPjqFR3w,257,2010-01-29,2019-12-08
kNvukrzit0u-NfD6xvFMrQ,381,2019-05-16,2019-12-10
kUPlKgW6OLRw8_rrYtBV3A,228,2016-08-27,2019-12-08
kVYh7E0I3bKBdXoU96iqsA,8,2013-12-06,2019-05-22
kVqj5hrjUnoDV6nb6oRFbg,106,2010-04-18,2019-02-22
kY8N8xtEmbsQfSLIuUJJCA,15,2010-11-20,2016-04-18
kajp1s8tu9B59OyyHoBExg,303,2017-01-23,2019-12-08
kctSmjXXK_1laQV7J8-3Cg,436,2010-03-20,2019-12-08
khQsXFMotB_cXUT5Lzwzgg,7,2019-08-12,2019-10-14
khxjYMwb_V8UovvwPVhysw,70,2012-05-30,2019-11-23
ktJR5j14AH-Cc45J7jJ9nw,145,2010-08-26,2018-09-19
kwXTdolA_0G2haHW4To5kA,8,2017-05-31,2019-10-03
l4MzHZVPsrIJ85vJYTg6Qg,33,2011-05-27,2018-07-27
lBwx8insD-RNa-_lOtA3kA,2,2013-01-24,2013-09-17
lCwUmc0IEhIMz7lyZ2nwuA,2,2019-09-07,2019-11-23
lEtpTFWetCf6xnzeImLiHg,283,2010-05-27,2019-10-29
lF4pEu4_55SSFEo6Q58ftQ,457,2011-03-11,2019-12-07
lGpLRbmRkt_yAbCuX71D6w,11,2017-12-07,2019-10-23
lK-wuiq8b1TuU7bfbQZgsg,85,2014-11-07,2019-07-03
lVN1516THpVQ7NtU7f-eNw,606,2010-11-28,2019-12-11
lWcUnuQ5Tck4TmVTP2gpIg,28,2010-09-06,2019-06-12
lctonl-hi3AIf2tNxrQPSQ,45,2018-08-05,2019-12-09
lmxA0dJM0XsPCIHPXhEQ-g,1234,2016-04-02,2019-12-10
lpQziF9QCVZQRkxac1xzcw,346,2016-05-13,2019-11-08
lpxj6LFir23Ds6swW8a6fg,253,2010-07-21,2019-10-19
lu7vtrp_bE9PnxWfA8g4Pg,8,2014-11-28,2018-07-27
m-HMvJPKy5e7XXk8-jr9BA,68,2010-09-21,2019-11-24
m8LwM6D7UkgZxCj7uw68GA,55,2012-12-22,2019-11-09
m95-aE2OhnCxrgCZa-M4Qg,2,2019-06-07,2019-09-12
mIHYFd_V05fmIEX25Q5zgg,11,2014-08-12,2018-11-12
mOsKIonnlHllP9gfbXdgnQ,2,2016-04-17,2016-10-30
mOzOYgXYOmkdNfZr453PgQ,202,2010-10-01,2019-03-10
mSWNf1muSy9wgGtMRgt7Fg,48,2010-11-19,2019-06-22
mY2Kjt8XHvHWNKbceCbIXA,7,2011-09-22,2015-08-16
mc7xieMGJBpMKYWTdkhtJg,21,2016-01-27,2019-09-02
ml9WFLPNAIryG6zQnd9qBA,87,2010-08-10,2019-12-02
mspZuHQ8rVXpyVMqQIKw_A,657,2011-07-10,2019-12-09
mw69E3vLAbN-ra92f5Y8ZQ,52,2015-04-19,2019-11-17
n0gAJPW7-H9cS71FC5dSqg,50,2011-09-03,2019-08-29
n3AHTASqE5QCfuq0AQpT5Q,3,2018-06-09,2018-08-31
n8Jnn9Cl0x8M-vTZDB2uLw,3,2011-02-17,2018-09-10
nCK19UJUHdX5bXWAASr-Ww,5,2011-03-31,2015-07-02
nJVDHjoTilGmhLjXAOwiyg,31,2010-10-23,2019-02-11
naYlngFbak0alEsjlFP4pQ,10,2012-05-29,2019-11-01
nbhBRhZtdaZmMMeb2i02pg,24,2017-07-09,2019-11-24
niqIaJy9UXu-DS7BIUvUoA,265,2014-12-16,2019-11-21
nsw3tlB-hwz4KbPYcuaSww,364,2013-07-07,2019-12-11
nvh-zGYHKwIUiPTgwhIScA,81,2012-01-21,2019-10-14
nxKboEQMGEMUN62ShdMwnA,66,2018-12-14,2019-12-03
nxlgrjTdUhvTg_3Ai0JKqw,76,2010-11-14,2019-07-06
o730cceIPsCPmYAps0okww,4,2015-11-08,2018-06-24
oA3pbcR4TOdTPVulIw8lQg,18,2018-02-19,2019-09-03
oCvxJBOs-Mbg-4oanPO7lQ,95,2010-07-12,2019-07-24
oGYXSVs0ympLy0ur8Qnp7g,252,2014-07-04,2019-12-09
oRmCI0p2mvlrGwilJloFTQ,105,2015-04-30,2019-11-21
oTz3sXhhuLTy2BktcAW0JA,19,2016-04-09,2019-04-01
oUX2bYbqjqST-urKbOHG6w,1634,2016-07-23,2019-12-09
oVwbbA0JttNp3nNJbKsmJQ,41,2011-01-21,2019-07-26
oaqbLDW3wNqkynlnp4mvlw,1275,2010-03-14,2019-12-10
oi6mahpAmEuikfihFVDmCw,673,2011-09-09,2019-11-30
oivs3aAbO8myVOewgb62eQ,1,2017-03-28,2017-03-28
ok_7r_nd6OZxxN2hEtJ9Wg,83,2010-01-30,2019-09-17
ol-aOSZbIh46Uy3tKjciaA,195,2010-11-20,2019-11-06
omwPSPE8j7jEP4mecQM8KA,177,2010-10-23,2019-11-07
ooEGT0bvsVkSafMnoU3LQw,1,2018-02-12,2018-02-12
op4v-WKXESLOxvluMurVEA,14,2019-07-04,2019-12-04
oq3_SSdu6ivLRjlZ4utOVg,48,2013-03-29,2019-10-10
or1daHtUK9b7sqFRPf62GQ,4,2018-01-06,2019-02-09
osSwv6CJy5hDKQdOKeyTow,1968,2010-03-14,2019-11-30
ot9iwwY_oSzf9VWkEl4XkA,13,2012-03-16,2019-11-04
owV0aSgh4t_9aG56iPxGEw,33,2016-12-28,2019-10-03
owt49CrXMxyLNB_K8OY4-Q,80,2010-12-12,2019-10-16
p2OOk46G_AOO0nCWl-eVlg,891,2010-03-19,2019-12-10
p7POIbP8XAGkaYa0W9SyOw,62,2017-05-06,2019-11-17
p86G_6hFYVHyKhV5UdN2Kw,72,2012-11-09,2019-09-26
p8HvhJZ-_EHhmUVmZN15gg,1517,2013-04-27,2019-12-12
pBoWsom3mZFYo9EucIWRDg,457,2010-07-22,2019-12-10
pQeaRpvuhoEqudo3uymHIQ,3,2013-02-28,2017-07-21
pTNatiVBoVnx2w2kwaD66g,45,2010-08-19,2019-11-02
pUUb-AOxcwHJutHnsHwPsg,643,2013-06-29,2019-11-16
pWJoOfYUWSkro0WNxHspFg,30,2011-05-08,2019-12-11
pYZnKIv0z-UxrpgBjp_z1w,548,2010-01-16,2019-12-08
plxpL-sVSyU8isXQPe-osQ,36,2017-10-11,2019-11-12
prIta4agQiDpUQVY3MliFA,7,2013-11-01,2019-07-14
pvoJj_qlDAS-mcHj-SUWTw,15,2015-05-22,2019-09-10
q0hAKzn_LmyUiScCuWS4Hg,237,2010-05-23,2019-12-07
q3YnYPjLuBGRDi_59yTC5g,2417,2015-02-25,2019-12-13
q91nljuSDFl0IYReyF_A3w,202,2016-12-14,2019-11-28
qC9ivAdl47BcZdlbW7ffLg,198,2010-04-15,2019-11-26
qG0W_SEJElhnfvv29Zac_w,74,2011-04-10,2019-06-13
qGtagj4xXNrF9rIEkiihTw,94,2013-06-14,2019-10-13
qHfJERhZCrksyHfAj19OjQ,43,2011-11-26,2019-03-23
qLFw7xaiPK7OC4ohIHxr_w,8,2017-01-21,2019-09-25
qLvvqnjr7UP5-0wCOubDSg,27,2012-11-18,2019-10-08
qUkd14n2uMXEboKOwYw8uQ,33,2010-06-15,2019-06-24
qYNl7Qh-YetWdMQTzX-jZA,183,2010-10-08,2019-10-14
qhKNZTtTT6GLnPzQny-v9Q,10,2015-07-31,2019-08-25
qi-zm_G6qyxOybAx1VQ30A,95,2017-10-04,2019-12-01
qxVcSWGKyH3HkkHV8NinDA,2298,2010-01-18,2019-12-11
r6zfqu8kzZteqVEu3zIYCg,32,2010-09-30,2019-01-14
r92duI6MtSi1-seaIeQUWA,20,2010-08-01,2016-03-20
rEesEXMeBB6t-H5BGbmXAw,2,2019-06-26,2019-10-29
rNqSjfRM09T-VOjRTAF66g,2171,2010-03-21,2019-12-08
rOyzxtWGekcMBc4aNinZjg,8,2013-09-02,2019-10-28
rReN_exlBKL3XqYnck3ndA,80,2010-03-11,2018-09-18
rcaPajgKOJC2vo_l3xa42A,13377,2010-01-29,2019-12-13
rgg8WrhcqxXecU58BPCoqQ,61,2010-06-20,2019-12-10
rsQnbPuMnEYmoFw-6CSm0Q,15,2017-01-18,2019-12-01
rvM5NOlJffP-_Ew9Q1h2Lw,15,2013-05-29,2014-06-25
s6L6SdVYhPcOQEDmNIg1-g,77,2014-12-29,2019-12-07
sAEFh7e7fY-W2gMWSbIAWQ,434,2015-06-24,2019-12-05
sJSRXg48n9MnkGaPjmPmZw,6,2019-03-10,2019-09-02
sO_nt6OaBLV_7_b-72_XOw,2,2015-12-24,2016-06-28
sS2IKdaUne_8QwiAl6iyfg,363,2011-03-11,2019-12-02
sSEeW-U4N5TxalS58zuGrA,225,2012-11-18,2019-11-19
sVK1Rrpu5zGGdj_Gh2aaZA,12,2012-06-02,2019-05-22
sYUsL6Og4axZduPrJpdi0g,60,2014-07-11,2019-07-21
scM6rLQqoz5dEIgwz_JFsg,183,2014-04-08,2019-06-08
sfUEIfyIpAm14W64tZOtxg,10,2012-04-13,2019-05-24
sfWFdhpwsThk4w9nDg1tTA,5,2013-11-24,2018-02-21
sfcmewwXftvjxRn_Xfpz-w,12,2010-06-24,2019-09-07
spCzs32TMQpRCJbJfArZng,1277,2016-06-05,2019-12-11
sphMzEIqY1I2Dzv3zLZY2g,94,2010-08-03,2019-09-06
srHBs-NlG0upDlambkURbA,25,2015-04-18,2019-12-10
suQugTjSMYMIrK5fAabC_Q,483,2010-06-24,2019-11-02
swX3Vj3dQsz1YlCRmwNQEQ,1107,2011-02-26,2019-12-11
sxOoqlIxmlKmC1yGvPx3Fw,66,2011-07-28,2019-12-13
sytLExNDyQuELMDguVUqhA,1,2015-04-17,2015-04-17
szhJLmdLDVFTevm8fu0T4A,2268,2010-01-30,2019-12-07
t5S2YaCoMR_dyMmkMP0W2w,7,2018-04-04,2019-09-28
t5VKTE4GI92aASBANQFm4g,13,2012-03-03,2019-10-02
t8hwPi9M_jD6u81cVIgRFA,368,2010-03-03,2019-12-02
tKi4OvAlckcVzeP92InsOQ,2207,2015-07-04,2019-12-12
tLpkSwdtqqoXwU0JAGnApw,26,2011-08-18,2019-11-12
tVyLQzyhhinKcGzlZIFZjQ,1656,2011-02-23,2019-12-02
tWdp26XQEJqJGnRmFVJQxA,343,2010-07-04,2019-09-16
tamr4J75GguGhF1hm1wEaA,522,2010-08-12,2019-12-10
tljJJYu_IKuLqgw-Zlsx8A,1,2019-11-11,2019-11-11
tqumNKvNmeII_DRG6SdRuw,14,2017-08-04,2019-12-03
ttoTU2MrP0DSXtOWAWBEhg,3,2015-08-01,2016-05-28
tuB82m4oIlKLyWeQjEF16g,35,2014-07-29,2019-11-26
twaYBOGSIeOvJdx8EFBKeg,104,2012-09-09,2019-09-21
twrgw3ZaMEiS87sN5ahuuw,187,2013-06-16,2019-11-22
tz-YwxcUEuXc9Lpog_gaMg,8,2011-08-05,2019-11-08
tzLBPCVz6uB7vWgDTU6Ujw,119,2010-12-20,2019-05-29
u2q_84hHvKGl5hKnAE7zNw,808,2010-10-19,2019-12-05
uE6bl1eTHJ4CLkq6NM3KUg,12,2019-01-19,2019-10-21
uE6hI5_i4QVq12xU99xtqA,65,2012-03-24,2019-09-09
uIIq8zs_37yOspXy0nBcew,25,2018-01-29,2019-11-18
uOd2E5aNOksxLVKMW2wTkQ,7,2016-01-13,2018-12-16
uQmYBHGlmKVbLCzyjFPYZA,8,2010-12-13,2015-07-21
uYYXLcDNQhgUIQcfauaKrw,23,2011-06-03,2019-11-20
uasU60jZfngLgfTppy8IPQ,3,2011-01-01,2013-07-18
ubpfIf6qT2vIDQaPC_2GGA,15,2012-07-11,2019-02-28
uklv_8iGhXk-Z_WukBdV_g,5,2019-08-31,2019-12-11
uoZwJJaplLsktVrRw0JiQw,461,2012-12-15,2019-12-05
upZ9FEpOh1Pr_GY-rUh0vw,30,2013-09-18,2019-12-01
uqQiIHebnBXCLCWZQkjtiA,61,2010-08-06,2018-11-24
urkODQ1jX0qQzgbqsQjWVQ,2379,2014-04-02,2019-12-10
usdef3dIb6VXGV8peev2_w,60,2010-11-03,2018-10-23
uuSviSjm_dR2K30C_2_STQ,134,2011-02-02,2019-03-06
v1po8i9MdguA5-nJNbrHNA,8,2013-02-24,2019-06-24
v3kXkK9ga8jfgetr0Hb5Eg,5,2013-06-01,2015-12-13
v5YvCuj_b26JKAqDcnReFQ,140,2010-08-11,2019-09-19
v96WNXIHgrgD4kZ0yAKjpA,24,2011-06-11,2019-09-23
vAf3U749Y1hnFfnMpKHuyw,11,2018-03-03,2019-11-24
vDayWkgdRfQfXsVIe5O15A,5,2012-11-15,2019-06-01
vJmD1dagBjER83Raf2KAWQ,115,2010-07-05,2019-06-27
vK8Q6qHL9t9RpifSI69pCw,55,2019-02-21,2019-12-07
vQQs-SAYMxOJSO08CVXmkQ,8,2013-09-25,2019-08-26
vSf-Mpf9ScUNL4BvYMnmTg,6,2016-11-01,2019-05-26
vT5mKKEcAxhSPj452HHspw,572,2011-09-04,2019-12-01
vYbpodi9utup_njMK5PAfw,309,2012-08-18,2019-11-28
vcxzcp7D9IiyvyLlwpgvVg,8,2017-03-15,2019-04-19
vhwkE0ql1g_uUkDtxCHzSA,37,2016-04-22,2019-11-06
vjTVxnsQEZ34XjYNS-XUpA,24,2010-07-06,2019-10-26
vnKHXrw585IOH4F3m29yFQ,121,2010-10-31,2019-07-05
vrU9f2x__QeSBvt6Er8NCQ,12,2013-05-07,2018-11-07
vsGoYMRvBYss3x9fn-jDzQ,137,2015-01-24,2019-12-13
vvyr4r16lx5hjHJpaFJ8kw,10,2011-03-10,2019-09-17
vyexrAQSWvV_DyEBWrIBCg,94,2015-04-30,2019-11-06
w1s-nOkqgo__sPZAZO9fRQ,41,2011-08-31,2019-07-27
w3Z4Hy42WfkvBUNN6pNoKw,221,2012-11-27,2019-10-31
wD8PwMT_JHnuOnXGrmTvkA,20,2012-12-14,2018-11-28
wERcL1KznuTgfltSKQt_jg,1814,2011-04-30,2019-12-07
wGzLjz2RrI1NHGQsdYy2Bg,15,2011-10-18,2017-07-13
wKmDYX_XuYCbIerCbYfWnQ,106,2016-05-08,2019-11-22
wNgzPOtnHE1prmh3bzWR1g,53,2010-08-15,2019-05-30
wTBfpTjdWG_zoE62B_bLtA,9,2010-07-08,2017-10-14
wU3wVPC2RQLS_zW-pe83tw,5,2019-05-13,2019-12-06
wVc3g-YfyDvkOLDecpr4DA,114,2010-01-29,2019-10-06
w_w2b_GRcy_R-bGWXZwKdQ,313,2010-08-21,2019-12-01
wfhSswTlAnpzbZv6FHk-oQ,6,2012-02-04,2018-12-23
wkWRSubb5Um4xj1Qnim-Ow,33,2015-04-22,2019-11-04
wkzWdo1mBqbzR2KPoXtWZw,115,2010-06-12,2019-06-28
wnxxb-Qpy5sYWCKIKto5Tg,25,2019-10-07,2019-12-08
wuEmc5_t3vnbM_qnROKG_A,5,2014-08-01,2018-03-25
wvlF1x7Cm8UGu6iD0LgIJw,289,2010-06-06,2019-10-01
x-H-2BYL2XoDDLiub950Ag,92,2016-07-24,2019-11-28
x1Cd2gSPZVeNxDPzzqlClQ,13,2011-07-03,2017-07-27
x1fx7C_tc064cFATjl4fmQ,504,2010-07-24,2019-11-29
x5iQFVJkFl7fSXC6uVjwPw,158,2010-08-14,2019-09-05
x8SLNG0wEaGD3SrrZVMDcg,3,2018-04-06,2019-02-25
xBwE7uIx-yN-n4OpNeAaDQ,20,2010-09-15,2017-05-13
xEH00X_VoRepWKXQrragmw,975,2010-03-23,2019-12-09
xGv3zpEr_yH7H_sCfEyzaQ,296,2017-10-20,2019-11-21
xKX9TS-tCjMzu1BQeKZO-w,42,2011-07-10,2019-03-25
xPuId11JJs0uy-QuPfifOw,189,2012-10-30,2019-11-21
xRhO5lLaKbxG0IRHwYIc5w,7,2012-04-16,2019-06-09
xVXyrTWbG8U3szze-aA7eg,97,2010-08-03,2019-09-19
xZ0xr-DrgXAccoU3a-SB-g,4,2015-03-03,2017-06-01
xc1GcqRnHkJShPd7VK9wQQ,33,2012-08-24,2013-09-17
xhCiQt_-pMp1nKDXZ7n7BQ,32,2015-01-10,2019-08-31
xp_3WHJDdWVlAQfRkRUuag,103,2011-07-24,2019-07-07
xwiSKs_tIp-zU4eZOO6IEA,13,2011-11-04,2019-08-01
xzR3J-4vpt6K4ZHr8nQLCA,145,2010-01-21,2019-10-17
y-0Twdg0sIhrh7BFJii8LA,107,2011-10-07,2019-09-05
ySFCgNj9n36-bHA40R_nBA,17,2011-08-26,2018-09-17
yU3p0tEBtGuZLTcsBHw9uQ,328,2016-06-24,2019-12-13
yU7GLvB07AEGhsoCc9scQg,32,2011-08-15,2019-12-10
yVTKaicX7-UnmtBqUcjCZg,2,2012-06-23,2014-04-14
yf1awJ2cVp0AmqYMOc671w,54,2013-04-06,2019-09-16
yfB0O7bvLIWE3G9p2yUQcA,1,2018-05-17,2018-05-17
yofSuCnQ_tI9MR_sJAX3yQ,19,2010-07-06,2019-10-08
ypILNgy7QFskKAdcPKB2RQ,5,2012-10-06,2014-03-04
ypfFfR3-PbtoslIhohNstw,2009,2012-01-08,2019-12-03
ytD9rJ-jcb8zMUCfiYCnFw,158,2010-06-07,2019-11-05
yv4Ov5b21VI_-52BNRLolA,3,2019-06-24,2019-08-30
yxAkKSctlxeJpKuiLoDqBg,89,2011-11-07,2019-12-08
yyT2aODioewkwIP-dQZ_wA,4,2016-11-10,2019-08-24
z-QP2sXxyhKBgMsuRzJAUg,27,2018-09-24,2019-12-05
zJg4xavT9Jcd8EyRrgyRdw,2,2018-09-08,2019-04-25
zK_8IIKiSXZUapswCEvsPg,39,2010-02-09,2019-09-18
zLWQR6QGc2c7lz4kn9_vlA,5,2012-02-11,2018-09-22
zPBccKsIHYtLUGFNYIi8Uw,74,2017-12-25,2019-11-30
zPSap4Fc3yX440StwufCTQ,10,2018-05-16,2019-04-18
z_BS6qapXMX1fA4ZLZ3jCA,1,2010-11-25,2010-11-25
zhVWu6mJXvFSKMNRv2P9gA,25,2018-10-08,2019-11-29
zmJp4ocFlteqlLVvTYieDQ,20,2018-07-07,2019-11-10
zrnP9HqoF-RI9jqoW8pytA,94,2016-05-22,2019-10-12
ztzjD1Zs5tfMZTYKXkmL9Q,14,2016-08-29,2019-12-04
zx_j6OuuHHa2afVoAZuLpA,576,2018-05-02,2019-12-10
zyJWc8oW8JpPg2xXMQsnAA,74,2011-02-17,2019-07-24
zy_NHTqtfSrfTGGPoqy4Mw,34,2010-03-18,2019-03-23
zysuthY02TaG7xvy-Lceew,1,2016-06-13,2016-06-13
